videoname,action_label,predicted_label,predicted_value,action_answer,category_answer
C011_A01_SY07_P05_S03_01DAS,A01,A01,100.0,O,O
C011_A01_SY07_P04_S01_02DAS,A01,A01,100.0,O,O
C011_A01_SY07_P06_S01_01DBS,A01,A01,100.0,O,O
C011_A05_SY13_P07_S19_02DBS,A05,A05,61.10337141264976,O,O
C011_A01_SY07_P06_S03_02DAS,A01,A01,100.0,O,O
C011_A05_SY13_P07_S16_01DBS,A05,A08,55.74506283662477,X,X
C011_A01_SY07_P05_S02_02DAS,A01,A01,100.0,O,O
C011_A01_SY07_P05_S04_02DAS,A01,A01,99.6095928611266,O,O
C011_A05_SY13_P07_S17_01DAS,A05,A06,66.81526887712454,X,X
C011_A05_SY13_P07_S11_01DAS,A05,A05,42.69380925822644,O,O
C011_A01_SY07_P05_S02_02DBS,A01,A01,100.0,O,O
C011_A01_SY07_P01_S07_02DAS,A01,A01,100.0,O,O
C011_A01_SY07_P03_S02_02DAS,A01,A01,100.0,O,O
C011_A05_SY13_P07_S14_02DBS,A05,A04,48.32682654768544,X,X
C011_A01_SY07_P03_S03_01DBS,A01,A01,100.0,O,O
C011_A01_SY07_P03_S03_01DAS,A01,A01,100.0,O,O
C011_A01_SY07_P03_S01_01DBS,A01,A01,93.8457254246728,O,O
C011_A01_SY07_P04_S02_02DAS,A01,A01,100.0,O,O
C011_A05_SY13_P07_S11_02DBS,A05,A05,32.738427216954825,O,O
C011_A01_SY07_P01_S07_01DAS,A01,A01,100.0,O,O
C011_A01_SY07_P04_S04_01DBS,A01,A01,99.6095928611266,O,O
C011_A01_SY07_P06_S01_02DBS,A01,A01,100.0,O,O
C011_A05_SY13_P07_S17_02DBS,A05,A05,97.54806352744497,O,O
C011_A05_SY13_P07_S18_01DBS,A05,A06,81.98237885462555,X,X
C011_A01_SY07_P05_S01_01DBS,A01,A01,100.0,O,O
C011_A05_SY13_P07_S15_01DAS,A05,A08,99.77691020635804,X,X
C011_A05_SY13_P07_S13_02DBS,A05,A05,99.10764082543224,O,O
C011_A05_SY13_P07_S16_02DAS,A05,A08,51.22699386503068,X,X
C011_A01_SY07_P04_S01_02DBS,A01,A01,100.0,O,O
C011_A01_SY07_P05_S02_01DAS,A01,A01,100.0,O,O
C011_A01_SY07_P03_S05_02DAS,A01,A01,100.0,O,O
C011_A01_SY07_P03_S04_01DBS,A01,A01,100.0,O,O
C011_A01_SY07_P01_S07_02DBS,A01,A01,100.0,O,O
C011_A01_SY07_P05_S02_01DBS,A01,A01,100.0,O,O
C011_A01_SY07_P05_S03_02DAS,A01,A01,100.0,O,O
C011_A05_SY13_P07_S12_02DBS,A05,A05,98.43837144450642,O,O
C011_A01_SY07_P04_S02_01DAS,A01,A01,100.0,O,O
C011_A01_SY07_P05_S04_01DBS,A01,A01,100.0,O,O
C011_A05_SY13_P07_S11_01NBS,A05,A08,41.63413273842721,X,X
C011_A05_SY13_P07_S19_02DAS,A05,A06,37.25165562913907,X,X
C011_A01_SY07_P03_S02_01DBS,A01,A01,100.0,O,O
C011_A01_SY07_P06_S02_01DBS,A01,A01,100.0,O,O
C011_A01_SY07_P01_S06_02DBS,A01,A01,100.0,O,O
C011_A01_SY07_P04_S03_01DAS,A01,A01,100.0,O,O
C011_A01_SY07_P03_S04_02DAS,A01,A01,100.0,O,O
C011_A05_SY13_P07_S14_02DAS,A05,A06,52.64919129949804,X,X
C011_A01_SY07_P04_S04_02DBS,A01,A01,99.41438929168991,O,O
C011_A01_SY07_P06_S01_01DAS,A01,A01,100.0,O,O
C011_A01_SY07_P06_S03_01DAS,A01,A01,100.0,O,O
C011_A01_SY07_P03_S03_02DBS,A01,A01,100.0,O,O
C011_A05_SY13_P07_S15_02DBS,A05,A08,53.151143335192415,X,X
C011_A01_SY07_P03_S04_02DBS,A01,A01,100.0,O,O
C011_A01_SY07_P03_S01_01DAS,A01,A01,97.52158173210805,O,O
C011_A01_SY07_P03_S05_02DBS,A01,A01,100.0,O,O
C011_A01_SY07_P03_S02_01DAS,A01,A01,100.0,O,O
C011_A05_SY13_P07_S14_01DAS,A05,A06,52.73284997211377,X,X
C011_A01_SY07_P03_S01_02DAS,A01,A01,99.19242550821498,O,O
C011_A05_SY13_P07_S19_01DAS,A05,A05,59.98885483421566,O,O
C011_A01_SY07_P04_S05_01DAS,A01,A01,100.0,O,O
C011_A01_SY07_P04_S01_01DAS,A01,A01,100.0,O,O
C011_A01_SY07_P01_S07_01DBS,A01,A01,100.0,O,O
C011_A01_SY07_P04_S05_02DAS,A01,A01,100.0,O,O
C011_A01_SY07_P06_S02_02DAS,A01,A01,100.0,O,O
C011_A05_SY13_P07_S18_01DAS,A05,A05,52.9674003900808,O,O
C011_A05_SY13_P07_S15_02DAS,A05,A08,99.38650306748468,X,X
C011_A01_SY07_P05_S01_02DBS,A01,A01,100.0,O,O
C011_A01_SY07_P03_S05_01DAS,A01,A01,100.0,O,O
C011_A05_SY13_P07_S15_01DBS,A05,A08,60.48522030117122,X,X
C011_A05_SY13_P07_S17_02DAS,A05,A05,50.76623014767344,O,O
C011_A05_SY13_P07_S18_02DBS,A05,A05,52.99526330454165,O,O
C011_A05_SY13_P07_S12_01DAS,A05,A05,99.72113775794756,O,O
C011_A01_SY07_P03_S01_02DBS,A01,A01,96.3519910888332,O,O
C011_A05_SY13_P07_S17_01DBS,A05,A05,94.67818333797716,O,O
C011_A01_SY07_P05_S04_02DBS,A01,A01,99.63747908533183,O,O
C011_A01_SY07_P03_S04_01DAS,A01,A01,100.0,O,O
C011_A01_SY07_P04_S01_01DBS,A01,A01,100.0,O,O
C011_A05_SY13_P07_S13_01DBS,A05,A05,82.87785833798104,O,O
C011_A01_SY07_P06_S01_02DAS,A01,A01,100.0,O,O
C011_A01_SY07_P03_S02_02DBS,A01,A01,100.0,O,O
C011_A01_SY07_P03_S05_01DBS,A01,A01,100.0,O,O
C011_A05_SY13_P07_S18_02DAS,A05,A08,51.76929506826414,X,X
C011_A01_SY07_P06_S02_02DBS,A01,A01,100.0,O,O
C011_A05_SY13_P07_S13_02DAS,A05,A30,56.46960401561629,X,X
C011_A05_SY13_P07_S12_01DBS,A05,A05,90.74177356385944,O,O
C011_A01_SY07_P06_S03_01DBS,A01,A01,100.0,O,O
C011_A05_SY13_P07_S14_01DBS,A05,A22,91.04852203011713,X,X
C011_A01_SY07_P04_S03_01DBS,A01,A01,92.69380925822644,O,O
C011_A01_SY07_P04_S03_02DBS,A01,A01,100.0,O,O
C011_A05_SY13_P07_S11_02DAS,A05,A05,67.62409369771333,O,O
C011_A01_SY07_P05_S01_01DAS,A01,A01,100.0,O,O
C011_A01_SY07_P05_S03_02DBS,A01,A01,100.0,O,O
C011_A01_SY07_P05_S03_01DBS,A01,A01,100.0,O,O
C011_A01_SY07_P05_S01_02DAS,A01,A01,100.0,O,O
C011_A05_SY13_P07_S12_02DAS,A05,A05,99.13552704963747,O,O
C011_A05_SY13_P07_S16_01DAS,A05,A05,37.08867819297267,O,O
C011_A01_SY07_P04_S04_01DAS,A01,A01,100.0,O,O
C011_A01_SY07_P03_S03_02DAS,A01,A01,100.0,O,O
C011_A01_SY07_P05_S04_01DAS,A01,A01,99.77691020635804,O,O
C011_A01_SY07_P04_S03_02DAS,A01,A01,100.0,O,O
C011_A05_SY13_P07_S19_01DBS,A05,A05,58.12203956533853,O,O
C012_A02_SY10_P01_S05_01DAS,A02,A02,90.7696597880647,O,O
C012_A02_SY10_P07_S01_02DAS,A02,A02,77.10540992749581,O,O
C012_A08_SY13_P07_S20_02DBS,A08,A06,96.0680423870608,X,O
C012_A03_SY10_P05_S03_02DAS,A03,A03,96.51422197434468,O,O
C012_A08_SY13_P07_S20_03DAS,A08,A08,84.57891801450084,O,O
C012_A02_SY10_P03_S01_02DAS,A02,A03,79.4478527607362,X,O
C012_A06_SY13_P07_S14_01DAS,A06,A06,74.31678750697156,O,O
C012_A08_SY13_P07_S20_03DBS,A08,A06,100.0,X,O
C012_A03_SY10_P05_S02_04DAS,A03,A03,52.64919129949804,O,O
C012_A04_SY10_P03_S01_02DAS,A04,A04,99.63747908533183,O,O
C012_A02_SY10_P05_S01_02DAS,A02,A02,99.3307306190742,O,O
C012_A04_SY10_P06_S01_01DBS,A04,A04,100.0,O,O
C012_A08_SY13_P07_S11_01DAS,A08,A05,80.92582264361405,X,X
C012_A04_SY10_P06_S01_03DAS,A04,A04,100.0,O,O
C012_A08_SY13_P07_S14_01DBS,A08,A22,80.64696040156163,X,X
C012_A06_SY13_P07_S18_02DBS,A06,A06,99.83282251323487,O,O
C012_A02_SY10_P05_S02_03DAS,A02,A03,84.24428332403792,X,O
C012_A06_SY13_P07_S11_01DBS,A06,A07,34.07696597880647,X,O
C012_A04_SY10_P06_S05_04NBS,A04,A04,100.0,O,O
C012_A04_SY10_P03_S03_03NAS,A04,A04,100.0,O,O
C012_A04_SY10_P04_S01_02DBS,A04,A04,95.62186279977692,O,O
C012_A08_SY13_P07_S20_06DBS,A08,A06,73.20133853876185,X,O
C012_A08_SY13_P07_S17_01DBS,A08,A06,38.36723321259404,X,O
C012_A07_SY13_P07_S20_03DBS,A07,A06,100.0,X,O
C012_A02_SY10_P01_S04_01DBS,A02,A02,99.63747908533183,O,O
C012_A04_SY10_P04_S01_01DBS,A04,A04,84.96932515337423,O,O
C012_A04_SY10_P03_S01_03DAS,A04,A04,99.91634132738427,O,O
C012_A06_SY13_P07_S20_05DBS,A06,A06,70.4127161182376,O,O
C012_A04_SY10_P01_S05_03NAS,A04,A04,96.68153931957612,O,O
C012_A04_SY10_P03_S03_03NBS,A04,A04,100.0,O,O
C012_A03_SY10_P04_S01_03DBS,A03,A03,90.32348020078082,O,O
C012_A06_SY13_P07_S20_02DAS,A06,A07,75.4601226993865,X,O
C012_A06_SY13_P07_S15_01DAS,A06,A08,100.0,X,O
C012_A07_SY13_P07_S13_01DAS,A07,A08,97.93641940881204,X,O
C012_A07_SY13_P07_S13_01DBS,A07,A07,35.13664249860569,O,O
C012_A06_SY13_P07_S11_02DBS,A06,A08,57.75237032905744,X,O
C012_A08_SY13_P07_S20_05DBS,A08,A06,75.54378137200223,X,O
C012_A07_SY13_P07_S17_01DAS,A07,A06,75.45277235998886,X,O
C012_A02_SY10_P03_S01_01DAS,A02,A03,59.481316229782486,X,O
C012_A06_SY13_P07_S13_01DBS,A06,A05,50.66926938092582,X,X
C012_A08_SY13_P07_S16_02DAS,A08,A06,69.49247071946458,X,O
C012_A02_SY10_P01_S05_03DAS,A02,A03,71.52816508644729,X,O
C012_A07_SY13_P07_S12_01DBS,A07,A05,85.69436698271055,X,X
C012_A03_SY10_P05_S02_01DBS,A03,A03,94.61795872838816,O,O
C012_A03_SY10_P05_S01_01DAS,A03,A03,98.13162297824874,O,O
C012_A06_SY13_P07_S13_01DAS,A06,A08,89.15225878416062,X,O
C012_A04_SY10_P03_S02_01DBS,A04,A04,100.0,O,O
C012_A06_SY13_P07_S17_02DAS,A06,A06,92.8949568124826,O,O
C012_A04_SY10_P06_S04_04DBS,A04,A04,97.35080870050196,O,O
C012_A06_SY13_P07_S20_07DBS,A06,A06,87.53485778025656,O,O
C012_A08_SY13_P07_S19_02DBS,A08,A08,38.17219281136806,O,O
C012_A08_SY13_P07_S20_02DAS,A08,A08,69.71556051310652,O,O
C012_A04_SY10_P05_S01_02DBS,A04,A04,100.0,O,O
C012_A08_SY13_P07_S13_01DAS,A08,A08,84.96932515337423,O,O
C012_A04_SY10_P03_S01_03DBS,A04,A04,99.6653653095371,O,O
C012_A04_SY10_P06_S05_03NBS,A04,A04,100.0,O,O
C012_A06_SY13_P07_S17_01DAS,A06,A06,56.39453886876568,O,O
C012_A06_SY13_P07_S20_08DAS,A06,A07,50.66926938092582,X,O
C012_A04_SY10_P05_S01_03DBS,A04,A04,100.0,O,O
C012_A04_SY10_P07_S01_01DBS,A04,A04,100.0,O,O
C012_A03_SY10_P05_S02_03DAS,A03,A03,68.37702175125489,O,O
C012_A07_SY13_P07_S11_01DBS,A07,A08,39.7936419408812,X,O
C012_A03_SY10_P04_S01_02DBS,A03,A03,91.3552704963748,O,O
C012_A03_SY10_P01_S05_01NAS,A03,A03,64.66815393195762,O,O
C012_A04_SY10_P06_S05_03NAS,A04,A04,100.0,O,O
C012_A06_SY13_P07_S20_06DBS,A06,A06,69.60401561628555,O,O
C012_A04_SY10_P06_S01_02DAS,A04,A04,100.0,O,O
C012_A03_SY10_P01_S04_02DBS,A03,A03,98.96820970440602,O,O
C012_A08_SY13_P07_S10_02NAS,A08,A06,82.4595649749024,X,O
C012_A04_SY10_P03_S02_02DAS,A04,A04,100.0,O,O
C012_A03_SY10_P03_S02_01DBS,A03,A03,100.0,O,O
C012_A03_SY10_P07_S01_01DAS,A03,A03,100.0,O,O
C012_A06_SY13_P07_S12_01DAS,A06,A05,80.70273284997211,X,X
C012_A03_SY10_P03_S01_01DAS,A03,A03,85.16452872281093,O,O
C012_A06_SY13_P07_S11_01DAS,A06,A08,50.47406581148912,X,O
C012_A07_SY13_P07_S15_01DBS,A07,A08,100.0,X,O
C012_A07_SY13_P07_S10_01DBS,A07,A05,99.74902398215282,X,X
C012_A07_SY13_P07_S18_01DBS,A07,A06,89.52354416271942,X,O
C012_A04_SY10_P03_S03_01NAS,A04,A04,100.0,O,O
C012_A02_SY10_P01_S02_03DAS,A02,A03,79.61517010596765,X,O
C012_A04_SY10_P03_S01_01DAS,A04,A04,99.77691020635804,O,O
C012_A02_SY10_P06_S03_01DAS,A02,A02,100.0,O,O
C012_A02_SY10_P03_S02_02DAS,A02,A02,96.43056330172894,O,O
C012_A03_SY10_P03_S01_02DBS,A03,A03,97.09983268265476,O,O
C012_A03_SY10_P06_S02_01DBS,A03,A03,99.19129949804795,O,O
C012_A06_SY13_P07_S17_02DBS,A06,A05,70.130955697966,X,X
C012_A02_SY10_P03_S04_02DBS,A02,A03,63.49693251533742,X,O
C012_A03_SY10_P01_S05_03NAS,A03,A02,74.84662576687117,X,O
C012_A03_SY10_P06_S01_04DAS,A03,A03,100.0,O,O
C012_A07_SY13_P07_S17_01DBS,A07,A05,73.89244915018111,X,X
C012_A02_SY10_P01_S03_02DBS,A02,A03,82.54322364751813,X,O
C012_A07_SY13_P07_S20_02DBS,A07,A06,82.51533742331289,X,O
C012_A06_SY13_P07_S16_01DAS,A06,A08,50.22308979364194,X,O
C012_A03_SY10_P05_S03_01DBS,A03,A03,88.98494143892917,O,O
C012_A07_SY13_P07_S14_01DBS,A07,A04,72.97824874511991,X,O
C012_A02_SY10_P01_S02_02DBS,A02,A02,93.47462353597324,O,O
C012_A08_SY13_P07_S19_02DAS,A08,A06,72.61075508498189,X,O
C012_A04_SY10_P03_S03_02NAS,A04,A04,100.0,O,O
C012_A03_SY10_P03_S02_01DAS,A03,A03,97.40658114891244,O,O
C012_A02_SY10_P05_S01_03DAS,A02,A02,94.5621862799777,O,O
C012_A06_SY13_P07_S16_01DBS,A06,A08,60.01115448968209,X,O
C012_A06_SY13_P07_S19_02DAS,A06,A06,95.3468932850376,O,O
C012_A03_SY10_P05_S01_03DAS,A03,A04,52.0914668153932,X,O
C012_A08_SY13_P07_S13_01DBS,A08,A05,87.00501952035694,X,X
C012_A02_SY10_P06_S02_02DAS,A02,A03,95.17568321249304,X,O
C012_A03_SY10_P01_S05_01NBS,A03,A03,62.29782487451199,O,O
C012_A06_SY13_P07_S12_02DBS,A06,A05,87.84160624651423,X,X
C012_A04_SY10_P03_S03_02NBS,A04,A04,100.0,O,O
C012_A03_SY10_P05_S02_02DAS,A03,A03,43.753485778025656,O,O
C012_A04_SY10_P03_S04_01DAS,A04,A04,98.8845510317903,O,O
C012_A02_SY10_P06_S03_02DAS,A02,A02,100.0,O,O
C012_A03_SY10_P03_S04_02DBS,A03,A02,78.61126603457892,X,O
C012_A04_SY10_P03_S53_01DAS,A04,A04,99.4701617401004,O,O
C012_A08_SY13_P07_S20_05DAS,A08,A08,57.52928053541551,O,O
C012_A04_SY10_P05_S01_01DAS,A04,A04,100.0,O,O
C012_A04_SY10_P03_S52_01DBS,A04,A04,100.0,O,O
C012_A02_SY10_P01_S05_03DBS,A02,A02,83.10094813162297,O,O
C012_A06_SY13_P07_S11_02DAS,A06,A05,58.25432236475181,X,X
C012_A03_SY10_P05_S01_04DBS,A03,A03,79.61517010596765,O,O
C012_A02_SY10_P06_S03_03NBS,A02,A04,72.42052426101506,X,O
C012_A06_SY13_P07_S20_04DBS,A06,A06,100.0,O,O
C012_A06_SY13_P07_S10_01DBS,A06,A05,98.96820970440602,X,X
C012_A02_SY10_P01_S02_03DBS,A02,A03,96.51422197434468,X,O
C012_A02_SY10_P06_S03_01DBS,A02,A02,99.77691020635804,O,O
C012_A02_SY10_P01_S02_02DAS,A02,A02,76.49191299498048,O,O
C012_A07_SY13_P07_S15_01DAS,A07,A08,100.0,X,O
C012_A07_SY13_P07_S16_01DAS,A07,A08,78.72281093139989,X,O
C012_A02_SY10_P05_S01_03DBS,A02,A02,75.18126045733408,O,O
C012_A08_SY13_P07_S20_01DBS,A08,A06,100.0,X,O
C012_A07_SY13_P07_S20_04DBS,A07,A06,99.3307306190742,X,O
C012_A02_SY10_P04_S01_02DBS,A02,A02,80.45175683212493,O,O
C012_A07_SY13_P07_S19_01DAS,A07,A06,92.11479520757872,X,O
C012_A08_SY13_P07_S12_01DBS,A08,A05,76.15727830451758,X,X
C012_A04_SY10_P06_S04_03DBS,A04,A04,68.87897378694925,O,O
C012_A03_SY10_P05_S01_01DBS,A03,A03,98.38259899609592,O,O
C012_A06_SY13_P07_S18_01DBS,A06,A06,98.8297575926442,O,O
C012_A07_SY13_P07_S09_01DBS,A07,A06,55.01952035694367,X,O
C012_A04_SY10_P03_S01_01DBS,A04,A04,98.02007808142776,O,O
C012_A08_SY13_P07_S14_02DBS,A08,A22,100.0,X,X
C012_A04_SY10_P06_S05_01NBS,A04,A04,100.0,O,O
C012_A03_SY10_P01_S05_02NBS,A03,A03,49.35861684327942,O,O
C012_A04_SY10_P06_S01_02DBS,A04,A04,100.0,O,O
C012_A03_SY10_P06_S02_01DAS,A03,A03,99.16341327384272,O,O
C012_A03_SY10_P04_S01_02DAS,A03,A02,59.53708867819297,X,O
C012_A04_SY10_P06_S05_01NAS,A04,A04,100.0,O,O
C012_A06_SY13_P07_S16_02DAS,A06,A08,76.99386503067484,X,O
C012_A08_SY13_P07_S16_02DBS,A08,A08,43.25153374233129,O,O
C012_A02_SY10_P06_S02_03DAS,A02,A03,69.74344673731177,X,O
C012_A02_SY10_P07_S01_01DAS,A02,A02,85.97322922476297,O,O
C012_A08_SY13_P07_S17_02DAS,A08,A06,87.43382557815548,X,O
C012_A08_SY13_P07_S20_07DBS,A08,A06,89.29168990518683,X,O
C012_A03_SY10_P04_S01_01DAS,A03,A03,55.68878973786949,O,O
C012_A06_SY13_P07_S20_09DAS,A06,A07,87.5627440044618,X,O
C012_A08_SY13_P07_S13_02DAS,A08,A08,85.63859453430005,O,O
C012_A06_SY13_P07_S15_02DBS,A06,A08,100.0,X,O
C012_A06_SY13_P07_S20_08DBS,A06,A06,91.13218070273284,O,O
C012_A03_SY10_P06_S02_04DAS,A03,A04,68.20970440602342,X,O
C012_A08_SY13_P07_S14_01DAS,A08,A06,96.17958728388176,X,O
C012_A03_SY10_P06_S01_03DBS,A03,A03,97.21137757947574,O,O
C012_A04_SY10_P03_S51_01DBS,A04,A04,70.9425543781372,O,O
C012_A03_SY10_P01_S04_03DBS,A03,A03,100.0,O,O
C012_A04_SY10_P06_S01_01DAS,A04,A04,100.0,O,O
C012_A03_SY10_P03_S02_03DBS,A03,A03,100.0,O,O
C012_A07_SY13_P07_S20_01DAS,A07,A07,63.80368098159509,O,O
C012_A02_SY10_P06_S01_01DAS,A02,A02,56.24651422197434,O,O
C012_A06_SY13_P07_S14_02DBS,A06,A04,99.3307306190742,X,O
C012_A02_SY10_P03_S02_01DBS,A02,A02,89.68209704406024,O,O
C012_A06_SY13_P07_S20_07DAS,A06,A07,84.6904629113218,X,O
C012_A03_SY10_P05_S01_03DBS,A03,A03,97.85276073619632,O,O
C012_A06_SY13_P07_S14_02DAS,A06,A06,77.38427216954824,O,O
C012_A03_SY10_P05_S01_02DAS,A03,A03,91.07640825432236,O,O
C012_A06_SY13_P07_S20_06DAS,A06,A07,94.67373117679864,X,O
C012_A04_SY10_P05_S01_01DBS,A04,A04,100.0,O,O
C012_A06_SY13_P07_S10_02NAS,A06,A06,100.0,O,O
C012_A02_SY10_P01_S03_03DAS,A02,A02,97.48490945674044,O,O
C012_A02_SY10_P06_S01_01DBS,A02,A03,52.95593976575572,X,O
C012_A02_SY10_P06_S03_03DAS,A02,A02,100.0,O,O
C012_A03_SY10_P06_S02_03DBS,A03,A03,83.24037925264919,O,O
C012_A08_SY13_P07_S17_02DBS,A08,A06,50.738367233212585,X,O
C012_A08_SY13_P07_S20_04DBS,A08,A06,100.0,X,O
C012_A03_SY10_P03_S02_03DAS,A03,A03,95.11991076408252,O,O
C012_A04_SY10_P03_S01_02DBS,A04,A04,98.27105409927496,O,O
C012_A06_SY13_P07_S20_01DBS,A06,A06,100.0,O,O
C012_A06_SY13_P07_S20_02DBS,A06,A06,90.0446179587284,O,O
C012_A03_SY10_P05_S02_02DBS,A03,A03,70.49637479085332,O,O
C012_A06_SY13_P07_S20_01DAS,A06,A07,93.33519241494702,X,O
C012_A04_SY10_P03_S02_02DBS,A04,A04,100.0,O,O
C012_A02_SY10_P06_S01_02DAS,A02,A02,63.27384272169548,O,O
C012_A08_SY13_P07_S14_02DAS,A08,A06,99.6095928611266,X,O
C012_A03_SY10_P04_S01_01DBS,A03,A03,85.6664807585053,O,O
C012_A07_SY13_P07_S18_01DAS,A07,A08,99.41487879632209,X,O
C012_A04_SY10_P03_S52_01DAS,A04,A04,92.88901282766314,O,O
C012_A08_SY13_P07_S15_01DBS,A08,A08,100.0,O,O
C012_A04_SY10_P07_S01_01DAS,A04,A04,100.0,O,O
C012_A02_SY10_P01_S03_02DAS,A02,A02,100.0,O,O
C012_A08_SY13_P07_S20_08DAS,A08,A08,59.73229224762967,O,O
C012_A06_SY13_P07_S18_01DAS,A06,A08,100.0,X,O
C012_A02_SY10_P06_S01_03DAS,A02,A03,72.97824874511991,X,O
C012_A02_SY10_P06_S01_03DBS,A02,A03,99.16341327384272,X,O
C012_A04_SY10_P06_S01_04DAS,A04,A04,100.0,O,O
C012_A02_SY10_P07_S01_01DBS,A02,A02,89.62632459564975,O,O
C012_A06_SY13_P07_S12_01DBS,A06,A05,75.62744004461796,X,X
C012_A06_SY13_P07_S15_02DAS,A06,A08,100.0,X,O
C012_A03_SY10_P03_S01_01DBS,A03,A03,97.32292247629672,O,O
C012_A04_SY10_P03_S02_03DBS,A04,A04,100.0,O,O
C012_A02_SY10_P04_S42_01DBS,A02,A03,67.81929726715002,X,O
C012_A08_SY13_P07_S18_01DAS,A08,A08,100.0,O,O
C012_A08_SY13_P07_S12_02DAS,A08,A05,82.62688232013386,X,X
C012_A06_SY13_P07_S15_01DBS,A06,A08,100.0,X,O
C012_A04_SY10_P06_S01_03DBS,A04,A04,100.0,O,O
C012_A06_SY13_P07_S20_04DAS,A06,A07,91.38315672058005,X,O
C012_A02_SY10_P01_S04_03DBS,A02,A02,57.9196876742889,O,O
C012_A08_SY13_P07_S18_02DAS,A08,A08,99.60991919754804,O,O
C012_A06_SY13_P07_S13_02DAS,A06,A08,83.26826547685442,X,O
C012_A08_SY13_P07_S20_09DAS,A08,A08,81.20468488566648,O,O
C012_A04_SY10_P03_S04_01DBS,A04,A04,100.0,O,O
C012_A08_SY13_P07_S20_01DAS,A08,A08,50.334634690462906,O,O
C012_A04_SY10_P04_S01_03DBS,A04,A04,80.3680981595092,O,O
C012_A04_SY10_P04_S01_01DAS,A04,A04,62.57668711656442,O,O
C012_A07_SY13_P07_S10_01NAS,A07,A06,100.0,X,O
C012_A02_SY10_P01_S03_01DBS,A02,A02,55.96765197992192,O,O
C012_A06_SY13_P07_S19_01DAS,A06,A06,69.93591529674003,O,O
C012_A02_SY10_P01_S04_02DAS,A02,A02,100.0,O,O
C012_A08_SY13_P07_S11_02DAS,A08,A05,50.41829336307864,X,X
C012_A02_SY10_P06_S01_02DBS,A02,A03,65.97880646960401,X,O
C012_A03_SY10_P06_S01_04DBS,A03,A03,99.079754601227,O,O
C012_A02_SY10_P01_S05_02DAS,A02,A03,70.02230897936418,X,O
C012_A07_SY13_P07_S14_01DAS,A07,A06,50.05577244841049,X,O
C012_A03_SY10_P05_S02_01DAS,A03,A03,99.91634132738427,O,O
C012_A02_SY10_P01_S04_02DBS,A02,A02,100.0,O,O
C012_A08_SY13_P07_S18_02DBS,A08,A06,99.86068542769574,X,O
C012_A08_SY13_P07_S20_06DAS,A08,A08,72.36475181260458,O,O
C012_A04_SY10_P06_S01_04DBS,A04,A04,95.39877300613496,O,O
C012_A07_SY13_P07_S11_01DAS,A07,A05,54.09927495817066,X,X
C012_A07_SY13_P07_S16_01DBS,A07,A08,56.664807585052976,X,O
C012_A02_SY10_P06_S02_01DBS,A02,A03,54.712771890686,X,O
C012_A07_SY13_P07_S20_03DAS,A07,A06,96.56999442275516,X,O
C012_A02_SY10_P03_S02_01DAS,A02,A02,74.59564974902399,O,O
C012_A08_SY13_P07_S19_01DAS,A08,A06,49.6795764837002,X,O
C012_A02_SY10_P04_S02_01DBS,A02,A02,84.02119353039599,O,O
C012_A06_SY13_P07_S20_03DAS,A06,A07,91.63413273842724,X,O
C012_A02_SY10_P05_S02_03DBS,A02,A02,97.3786949247072,O,O
C012_A03_SY10_P03_S02_02DBS,A03,A03,100.0,O,O
C012_A07_SY13_P07_S19_01DBS,A07,A06,63.38813039843968,X,O
C012_A02_SY10_P05_S02_02DAS,A02,A03,79.41996653653095,X,O
C012_A02_SY10_P01_S05_02DBS,A02,A02,96.09592861126605,O,O
C012_A08_SY13_P07_S15_01DAS,A08,A08,100.0,O,O
C012_A02_SY10_P06_S03_03DBS,A02,A02,99.49804796430564,O,O
C012_A02_SY10_P01_S03_01DAS,A02,A02,98.85666480758503,O,O
C012_A03_SY10_P06_S02_03DAS,A03,A04,57.863915225878415,X,O
C012_A03_SY10_P06_S02_04DBS,A03,A04,81.06525376464026,X,O
C012_A08_SY13_P07_S17_01DAS,A08,A06,78.99136249651714,X,O
C012_A02_SY10_P06_S02_03DBS,A02,A03,73.70329057445622,X,O
C012_A03_SY10_P06_S02_02DBS,A03,A03,95.98438371444506,O,O
C012_A03_SY10_P07_S01_02DAS,A03,A03,97.09983268265476,O,O
C012_A04_SY10_P06_S04_04DAS,A04,A02,64.38929168990518,X,O
C012_A02_SY10_P06_S03_01NAS,A02,A04,99.6095928611266,X,O
C012_A03_SY10_P07_S01_01DBS,A03,A03,99.4701617401004,O,O
C012_A04_SY10_P03_S51_01DAS,A04,A04,95.92861126603458,O,O
C012_A02_SY10_P01_S04_01DAS,A02,A02,100.0,O,O
C012_A06_SY13_P07_S16_02DBS,A06,A08,44.31121026213051,X,O
C012_A08_SY13_P07_S12_02DBS,A08,A05,75.48800892359175,X,X
C012_A03_SY10_P05_S01_04DAS,A03,A03,59.67651979921919,O,O
C012_A06_SY13_P07_S14_01DBS,A06,A04,90.63022866703848,X,O
C012_A03_SY10_P06_S04_04DBS,A03,A04,71.77914110429448,X,O
C012_A06_SY13_P07_S13_02DBS,A06,A07,38.34355828220859,X,O
C012_A04_SY10_P03_S02_03DAS,A04,A04,100.0,O,O
C012_A03_SY10_P03_S01_03DAS,A03,A04,52.59341885108756,X,O
C012_A06_SY13_P07_S10_02DBS,A06,A05,100.0,X,X
C012_A08_SY13_P07_S16_01DBS,A08,A08,55.80033463469047,O,O
C012_A03_SY10_P05_S03_03DBS,A03,A03,84.43948689347462,O,O
C012_A08_SY13_P07_S15_02DBS,A08,A08,100.0,O,O
C012_A02_SY10_P06_S03_02DBS,A02,A02,99.8047964305633,O,O
C012_A07_SY13_P07_S20_01DBS,A07,A06,90.99274958170663,X,O
C012_A07_SY13_P07_S20_04DAS,A07,A08,80.92582264361405,X,O
C012_A02_SY10_P06_S02_02DBS,A02,A03,61.18237590630229,X,O
C012_A03_SY10_P04_S01_03DAS,A03,A02,43.66982710540992,X,O
C012_A04_SY10_P03_S53_01DBS,A04,A04,100.0,O,O
C012_A08_SY13_P07_S11_01NBS,A08,A07,45.95649749023983,X,O
C012_A06_SY13_P07_S20_05DAS,A06,A07,92.61015058561073,X,O
C012_A03_SY10_P03_S02_02DAS,A03,A03,90.29559397657556,O,O
C012_A02_SY10_P03_S01_02DBS,A02,A03,85.75013943112103,X,O
C012_A07_SY13_P07_S20_02DAS,A07,A07,48.41048522030117,O,O
C012_A02_SY10_P05_S02_01DAS,A02,A02,66.92693809258226,O,O
C012_A03_SY10_P03_S01_03DBS,A03,A03,98.32682654768544,O,O
C012_A08_SY13_P07_S13_02DBS,A08,A05,76.38036809815951,X,X
C012_A06_SY13_P07_S12_02DAS,A06,A05,98.6893474623536,X,X
C012_A03_SY10_P01_S04_03DAS,A03,A03,91.71779141104297,O,O
C012_A08_SY13_P07_S18_01DBS,A08,A06,97.74310392867092,X,O
C012_A04_SY10_P03_S02_01DAS,A04,A04,99.6095928611266,O,O
C012_A08_SY13_P07_S20_04DAS,A08,A08,89.2080312325711,O,O
C012_A06_SY13_P07_S19_02DBS,A06,A06,53.16244079130678,O,O
C012_A08_SY13_P07_S15_02DAS,A08,A08,100.0,O,O
C012_A08_SY13_P07_S12_01DAS,A08,A05,99.58170663692135,X,X
C012_A06_SY13_P07_S19_01DBS,A06,A06,59.68236277514628,O,O
C012_A08_SY13_P07_S16_01DAS,A08,A08,49.13552704963748,O,O
C012_A08_SY13_P07_S19_01DBS,A08,A06,66.87099470604625,X,O
C012_A03_SY10_P06_S01_01DBS,A03,A03,100.0,O,O
C012_A02_SY10_P04_S02_01DAS,A02,A02,98.96820970440602,O,O
C012_A02_SY10_P05_S01_02DBS,A02,A02,97.88064696040156,O,O
C012_A06_SY13_P07_S20_03DBS,A06,A06,100.0,O,O
C012_A02_SY10_P06_S03_01NBS,A02,A02,75.1254880089236,O,O
C012_A08_SY13_P07_S20_08DBS,A08,A06,81.53931957612939,X,O
C012_A02_SY10_P01_S05_01DBS,A02,A02,90.63022866703848,O,O
C012_A06_SY13_P07_S17_01DBS,A06,A08,41.40429088882697,X,O
C012_A08_SY13_P07_S11_02DBS,A08,A07,33.43558282208589,X,O
C012_A06_SY13_P07_S18_02DAS,A06,A08,100.0,X,O
C012_A02_SY10_P01_S03_03DBS,A02,A03,81.45566090351366,X,O
C012_A03_SY10_P03_S01_02DAS,A03,A04,58.19854991634132,X,O
C012_A03_SY10_P05_S03_04DAS,A03,A04,58.53318460680424,X,O
C012_A08_SY13_P07_S20_07DAS,A08,A08,89.62632459564975,O,O
C012_A04_SY10_P05_S01_03DAS,A04,A04,100.0,O,O
C012_A02_SY10_P06_S02_01DAS,A02,A03,67.48466257668711,X,O
C012_A02_SY10_P01_S04_03DAS,A02,A02,100.0,O,O
C021_A17_SY32_P01_S06_01DAS,A17,A17,41.9201786212671,O,O
C021_A18_SY32_P01_S05_01DBS,A18,A20,44.8506837845381,X,O
C021_A21_SY32_P01_S10_01DAS,A21,A21,86.38012838403573,O,O
C021_A21_SY32_P01_S07_01DBS,A21,A21,95.7298353335194,O,O
C021_A18_SY32_P01_S10_02DAS,A18,A18,89.2827239743232,O,O
C021_A18_SY32_P01_S06_02DAS,A18,A18,57.96818308679877,O,O
C021_A20_SY32_P01_S10_02DAS,A20,A20,100.0,O,O
C021_A20_SY32_P07_S08_03DAS,A20,A05,39.29667876081496,X,X
C021_A19_SY32_P01_S06_01DBS,A19,A20,54.3957577449065,X,O
C021_A18_SY32_P01_S05_01DAS,A18,A18,45.29723695227463,O,O
C021_A20_SY32_P01_S12_02NAS,A20,A20,69.32293117860128,O,O
C021_A20_SY32_P07_S10_02DBS,A20,A20,72.36952274630198,O,O
C021_A20_SY32_P07_S08_02DBS,A20,A21,35.86380128384036,X,O
C021_A17_SY17_P07_S07_01DBS,A17,A17,58.07982137873291,O,O
C021_A18_SY32_P01_S07_02DBS,A18,A18,84.14736254535306,O,O
C021_A19_SY32_P01_S08_01DAS,A19,A19,54.28411945297237,O,O
C021_A18_SY32_P01_S07_02DAS,A18,A19,100.0,X,O
C021_A18_SY32_P01_S10_01DAS,A18,A18,83.72871895060005,O,O
C021_A20_SY32_P01_S11_02DAS,A20,A20,99.02316494557634,O,O
C021_A21_SY32_P01_S13_01NAS,A21,A18,55.53078852047925,X,O
C021_A21_SY32_P01_S07_01DAS,A21,A21,87.6918783142618,O,O
C021_A20_SY32_P07_S08_01DAS,A20,A05,40.636338264024566,X,X
C021_A21_SY32_P01_S09_01DBS,A21,A18,95.8972927714206,X,O
C021_A17_SY32_P01_S10_01DAS,A17,A18,98.63243092380688,X,O
C021_A18_SY17_P07_S06_03DBS,A18,A20,82.5006977393246,X,O
C021_A20_SY32_P07_S08_02DAS,A20,A18,49.14875802400224,X,O
C021_A21_SY32_P01_S10_01DBS,A21,A21,85.51493162154618,O,O
C021_A20_SY32_P01_S13_02NBS,A20,A18,62.34998604521351,X,O
C021_A18_SY32_P01_S07_01DAS,A18,A18,100.0,O,O
C021_A20_SY32_P07_S09_03DAS,A20,A18,48.59056656433157,X,O
C021_A19_SY32_P01_S07_01DAS,A19,A19,54.28411945297237,O,O
C021_A19_SY32_P01_S05_01DAS,A19,A20,59.5032096008931,X,O
C021_A18_SY17_P07_S06_03DAS,A18,A20,72.89980463298912,X,O
C021_A20_SY32_P07_S10_01DAS,A20,A18,58.16355009768351,X,O
C021_A19_SY32_P01_S06_01DAS,A19,A20,65.50376779235278,X,O
C021_A19_SY32_P01_S09_01DAS,A19,A21,42.56209879988836,X,O
C021_A20_SY32_P01_S11_02DBS,A20,A20,91.9620429807424,O,O
C021_A17_SY32_P01_S07_01DAS,A17,A17,56.12615126988557,O,O
C021_A18_SY32_P01_S06_02DBS,A18,A18,54.75858219369244,O,O
C021_A18_SY17_P07_S07_03DAS,A18,A20,63.15936366173598,X,O
C021_A18_SY32_P01_S08_01DAS,A18,A18,100.0,O,O
C021_A20_SY32_P01_S13_02NAS,A20,A18,53.10671496238507,X,O
C021_A17_SY32_P01_S08_01DBS,A17,A18,97.09740440971252,X,O
C021_A17_SY32_P01_S09_01DAS,A17,A18,56.1540608428691,X,O
C021_A19_SY32_P01_S07_01DBS,A19,A20,50.51632710019537,X,O
C021_A18_SY32_P01_S06_01DAS,A18,A19,55.67959810214904,X,O
C021_A20_SY32_P07_S09_02DBS,A20,A17,37.03600334914876,X,O
C021_A17_SY32_P01_S08_01DAS,A17,A18,52.58163550097683,X,O
C021_A20_SY32_P07_S10_01DBS,A20,A20,43.95757744906503,O,O
C021_A21_SY32_P01_S11_01DBS,A21,A20,90.6223834775328,X,O
C021_A20_SY32_P01_S09_02DBS,A20,A18,72.0625174434831,X,O
C021_A18_SY17_P07_S07_01DAS,A18,A18,59.00083728718951,O,O
C021_A18_SY17_P07_S07_03DBS,A18,A20,82.72397432319285,X,O
C021_A18_SY32_P01_S09_02DAS,A18,A18,53.3072843985487,O,O
C021_A20_SY32_P01_S12_02NBS,A20,A18,70.69494836728998,X,O
C021_A18_SY32_P01_S10_01DBS,A18,A18,93.49706949483672,O,O
C021_A21_SY32_P01_S13_01NBS,A21,A20,58.24727881663411,X,O
C021_A18_SY32_P01_S08_02DAS,A18,A19,100.0,X,O
C021_A18_SY32_P01_S05_02DBS,A18,A20,96.650851241976,X,O
C021_A18_SY32_P01_S07_01DBS,A18,A18,91.85040468880828,O,O
C021_A17_SY32_P01_S06_01DBS,A17,A17,82.61233603125872,O,O
C021_A17_SY32_P01_S07_01DBS,A17,A18,93.9715322355568,X,O
C021_A18_SY32_P01_S08_02DBS,A18,A19,99.52553725927991,X,O
C021_A17_SY32_P01_S09_01DBS,A17,A18,98.744069215741,X,O
C021_A18_SY32_P01_S09_01DBS,A18,A18,97.1532235556796,O,O
C021_A21_SY32_P01_S09_01DAS,A21,A21,51.66061959252023,O,O
C021_A19_SY17_P07_S07_01DAS,A19,A20,83.47753279374825,X,O
C021_A18_SY32_P01_S09_01DAS,A18,A18,51.77225788445436,O,O
C021_A18_SY17_P07_S07_02DAS,A18,A18,100.0,O,O
C021_A20_SY32_P07_S09_01DAS,A20,A20,55.20513536142897,O,O
C021_A21_SY32_P01_S12_01NAS,A21,A18,37.74373259052925,X,O
C021_A18_SY17_P07_S06_02DAS,A18,A18,50.2930505163271,O,O
C021_A21_SY32_P01_S11_01DAS,A21,A20,100.0,X,O
C021_A17_SY32_P01_S10_01DBS,A17,A18,81.85877756070332,X,O
C021_A18_SY32_P01_S08_01DBS,A18,A18,83.89617638850126,O,O
C021_A19_SY32_P01_S05_01DBS,A19,A20,51.68852916550377,X,O
C021_A17_SY32_P01_S11_01DAS,A17,A17,97.1532235556796,O,O
C021_A17_SY32_P01_S05_01DAS,A17,A18,62.65699134803238,X,O
C021_A19_SY32_P01_S10_01DBS,A19,A20,71.29391602399315,X,O
C021_A20_SY32_P01_S10_02DBS,A20,A20,82.38905944739045,O,O
C021_A20_SY32_P07_S10_02DAS,A20,A17,55.2330449344125,X,O
C021_A18_SY17_P07_S07_01DBS,A18,A18,58.30309796260117,O,O
C021_A17_SY32_P01_S05_01DBS,A17,A17,52.6374546469439,O,O
C021_A21_SY32_P01_S08_01DBS,A21,A21,57.04716717834217,O,O
C021_A18_SY17_P07_S06_01DBS,A18,A21,39.54786491766676,X,O
C021_A18_SY17_P07_S07_02DBS,A18,A18,87.16159642757466,O,O
C021_A18_SY32_P01_S06_01DBS,A18,A18,54.00502372313704,O,O
C021_A19_SY32_P01_S10_01DAS,A19,A19,57.71699692994697,O,O
C021_A18_SY32_P01_S09_02DBS,A18,A18,99.162712810494,O,O
C021_A18_SY17_P07_S06_02DBS,A18,A20,41.61317331844823,X,O
C021_A19_SY17_P07_S07_01DBS,A19,A20,85.43120290259559,X,O
C021_A19_SY32_P01_S08_01DBS,A19,A19,59.81021490371198,O,O
C021_A19_SY32_P01_S09_01DBS,A19,A18,61.317331844822775,X,O
C021_A20_SY32_P07_S08_03DBS,A20,A20,64.4432040189785,O,O
C021_A20_SY32_P01_S09_02DAS,A20,A21,83.19843706391292,X,O
C021_A18_SY32_P01_S05_02DAS,A18,A18,42.869104102707226,O,O
C031_A23_SY23_P05_S08_08DBS,A23,A23,94.8968209704406,O,O
C031_A22_SY23_P06_S10_05NAS,A22,A22,66.59230340211936,O,O
C031_A23_SY23_P05_S07_09DBS,A23,A23,99.8047964305633,O,O
C031_A22_SY23_P03_S06_04DBS,A22,A23,67.23132463204665,X,O
C031_A22_SY23_P05_S07_02DBS,A22,A22,100.0,O,O
C031_A22_SY23_P02_S06_08NBS,A22,A22,100.0,O,O
C031_A22_SY23_P05_S07_01DAS,A22,A22,86.94924707194646,O,O
C031_A22_SY23_P03_S06_05DAS,A22,A22,94.72368786448207,O,O
C031_A22_SY23_P03_S09_05DBS,A22,A22,100.0,O,O
C031_A23_SY23_P03_S18_05DBS,A23,A23,84.52314556609035,O,O
C031_A22_SY23_P03_S13_05DBS,A22,A23,53.95984383714445,X,O
C031_A23_SY23_P04_S02_07DAS,A23,A23,93.11210262130508,O,O
C031_A23_SY23_P03_S13_05DAS,A23,A23,97.96430563301728,O,O
C031_A22_SY23_P03_S14_04DAS,A22,A22,83.40769659788064,O,O
C031_A22_SY23_P06_S05_06DBS,A22,A22,81.90184049079755,O,O
C031_A23_SY23_P03_S09_06DBS,A23,A23,96.65924276169264,O,O
C031_A23_SY23_P03_S10_05DBS,A23,A23,99.22048997772828,O,O
C031_A23_SY23_P06_S06_08DBS,A23,A23,92.83324037925264,O,O
C031_A22_SY23_P03_S17_04DAS,A22,A22,78.6670384829894,O,O
C031_A22_SY23_P03_S06_04DAS,A22,A22,99.2224382116079,O,O
C031_A23_SY23_P05_S08_09DAS,A23,A23,98.35471277189068,O,O
C031_A22_SY23_P05_S04_03DBS,A22,A23,54.35025097601785,X,O
C031_A22_SY23_P03_S05_04DBS,A22,A22,91.97445154123857,O,O
C031_A22_SY23_P02_S06_09NAS,A22,A22,100.0,O,O
C031_A22_SY23_P06_S06_04DBS,A22,A23,92.97267150027886,X,O
C031_A23_SY23_P03_S17_07DBS,A23,A23,89.04071388733965,O,O
C031_A22_SY23_P06_S05_05DAS,A22,A22,81.03736754043503,O,O
C031_A22_SY23_P06_S08_05DAS,A22,A22,97.65755716675962,O,O
C031_A22_SY23_P03_S05_05DAS,A22,A22,96.4454318244932,O,O
C031_A23_SY23_P05_S07_10DBS,A23,A23,100.0,O,O
C031_A23_SY23_P05_S03_09DAS,A23,A23,66.34132738427216,O,O
C031_A22_SY23_P03_S09_04DAS,A22,A23,69.91372112440857,X,O
C031_A23_SY23_P05_S07_08DAS,A23,A23,58.8957055214724,O,O
C031_A22_SY23_P03_S09_05DAS,A22,A23,70.33119955468968,X,O
C031_A22_SY23_P06_S10_06NBS,A22,A22,65.21438450899032,O,O
C031_A23_SY23_P05_S07_09DAS,A23,A23,90.74177356385944,O,O
C031_A22_SY23_P03_S14_05DAS,A22,A22,92.6659230340212,O,O
C031_A23_SY23_P05_S07_08DBS,A23,A23,99.10764082543224,O,O
C031_A23_SY23_P06_S05_07DBS,A23,A23,68.23759063022867,O,O
C031_A22_SY23_P03_S17_06DBS,A22,A23,62.49302844394868,X,O
C031_A22_SY23_P03_S06_06DBS,A22,A22,64.81532907525688,O,O
C031_A23_SY23_P03_S14_05DBS,A23,A23,89.0686001115449,O,O
C031_A22_SY23_P06_S06_06DAS,A22,A22,82.09704406023425,O,O
C031_A23_SY23_P04_S02_07DBS,A23,A23,98.46625766871163,O,O
C031_A23_SY23_P03_S10_06DBS,A23,A23,99.554565701559,O,O
C031_A22_SY23_P05_S03_03DAS,A22,A22,52.98382598996096,O,O
C031_A23_SY23_P06_S07_07DBS,A23,A23,77.96988287785834,O,O
C031_A23_SY23_P03_S14_07DBS,A23,A23,100.0,O,O
C031_A22_SY23_P03_S05_06DBS,A22,A22,78.17272979727854,O,O
C031_A22_SY23_P05_S01_01DBS,A22,A24,44.86501530754244,X,X
C031_A23_SY23_P03_S14_06DAS,A23,A23,99.2191857222532,O,O
C031_A22_SY23_P06_S08_05DBS,A22,A22,100.0,O,O
C031_A23_SY23_P05_S04_10DAS,A23,A22,60.45733407696597,X,O
C031_A22_SY23_P06_S05_05DBS,A22,A22,91.13218070273284,O,O
C031_A22_SY23_P03_S14_06DAS,A22,A22,78.91801450083659,O,O
C031_A23_SY23_P05_S07_10DAS,A23,A23,97.12771890686,O,O
C031_A23_SY23_P06_S06_08DAS,A23,A23,96.87674288901282,O,O
C031_A23_SY23_P06_S05_08DBS,A23,A22,76.40825432236475,X,O
C031_A22_SY23_P04_S02_04DBS,A22,A22,55.158951477969886,O,O
C031_A22_SY23_P06_S05_06DAS,A22,A22,64.38929168990518,O,O
C031_A23_SY23_P04_S02_05DAS,A23,A23,95.3430005577245,O,O
C031_A23_SY23_P06_S06_07DAS,A23,A23,88.39933073061907,O,O
C031_A22_SY23_P03_S05_04DAS,A22,A22,94.80699805609552,O,O
C031_A22_SY23_P06_S06_05DBS,A22,A23,55.54935861684328,X,O
C031_A23_SY23_P03_S14_05DAS,A23,A23,99.63747908533183,O,O
C031_A22_SY23_P05_S08_01DBS,A22,A22,89.51477969882879,O,O
C031_A22_SY23_P05_S03_01DBS,A22,A22,94.86893474623535,O,O
C031_A22_SY23_P06_S05_04DAS,A22,A22,55.605131065253765,O,O
C031_A23_SY23_P03_S13_06DBS,A23,A23,99.41438929168991,O,O
C031_A22_SY23_P05_S07_03DAS,A22,A23,50.61349693251533,X,O
C031_A23_SY23_P05_S08_09DBS,A23,A23,97.1834913552705,O,O
C031_A23_SY23_P06_S07_08DAS,A23,A23,97.62967094255438,O,O
C031_A23_SY23_P03_S18_07DAS,A23,A23,80.67484662576688,O,O
C031_A23_SY23_P03_S06_07DAS,A23,A23,82.97695084698695,O,O
C031_A22_SY23_P03_S13_06DBS,A22,A23,62.911321807027335,X,O
C031_A23_SY23_P06_S05_09DBS,A23,A22,86.02900167317345,X,O
C031_A23_SY23_P03_S09_07DBS,A23,A23,92.28841870824054,O,O
C031_A22_SY23_P06_S08_06DAS,A22,A22,99.10714285714286,O,O
C031_A22_SY23_P03_S09_06DAS,A22,A23,79.79404397439465,X,O
C031_A23_SY23_P03_S10_06DAS,A23,A23,98.3300862788756,O,O
C031_A22_SY23_P04_S01_05DAS,A22,A22,98.8287785833798,O,O
C031_A23_SY23_P05_S04_10DBS,A23,A23,99.55382041271612,O,O
C031_A22_SY23_P05_S07_02DAS,A22,A22,80.00557724484105,O,O
C031_A22_SY23_P03_S05_06DAS,A22,A22,85.254096084421,O,O
C031_A23_SY23_P03_S13_05DBS,A23,A23,97.32292247629672,O,O
C031_A23_SY23_P03_S10_07DBS,A23,A23,96.71492204899778,O,O
C031_A23_SY23_P03_S17_05DBS,A23,A23,85.2760736196319,O,O
C031_A22_SY23_P03_S10_06DAS,A22,A23,80.9073197884776,X,O
C031_A23_SY23_P03_S13_06DAS,A23,A23,95.23145566090352,O,O
C031_A22_SY23_P03_S17_05DAS,A22,A22,86.44729503625209,O,O
C031_A22_SY23_P03_S13_06DAS,A22,A22,70.58003346346905,O,O
C031_A23_SY23_P05_S04_09DAS,A23,A23,50.22308979364194,O,O
C031_A23_SY23_P03_S10_05DAS,A23,A23,67.18619537990537,O,O
C031_A23_SY23_P06_S05_09DAS,A23,A22,70.38482989403235,X,O
C031_A22_SY23_P06_S12_05DAS,A22,A22,88.1403118040089,O,O
C031_A22_SY23_P06_S06_06DBS,A22,A22,70.66369213608478,O,O
C031_A22_SY23_P03_S05_05DBS,A22,A22,79.64454318244933,O,O
C031_A23_SY23_P03_S18_07DBS,A23,A23,70.3569436698271,O,O
C031_A22_SY23_P03_S10_05DAS,A22,A23,70.35903145004174,X,O
C031_A22_SY23_P03_S13_04DAS,A22,A23,77.99776910206359,X,O
C031_A22_SY23_P06_S12_05DBS,A22,A22,98.66666666666669,O,O
C031_A23_SY23_P03_S17_07DAS,A23,A23,61.5170105967652,O,O
C031_A22_SY23_P05_S03_02DAS,A22,A24,51.14333519241495,X,X
C031_A23_SY23_P05_S04_08DBS,A23,A23,56.97155605131066,O,O
C031_A22_SY23_P04_S02_05DBS,A22,A22,100.0,O,O
C031_A22_SY23_P03_S06_05DBS,A22,A23,71.81338517078589,X,O
C031_A23_SY23_P05_S03_10DAS,A23,A24,61.54489682097044,X,X
C031_A22_SY23_P06_S10_04NAS,A22,A22,60.5967651979922,O,O
C031_A23_SY23_P06_S05_07DAS,A23,A23,68.09815950920245,O,O
C031_A23_SY23_P03_S17_05DAS,A23,A23,73.81483547127718,O,O
C031_A22_SY23_P06_S05_04DBS,A22,A22,67.12214166201896,O,O
C031_A23_SY23_P03_S10_07DAS,A23,A23,95.79738380183692,O,O
C031_A23_SY23_P05_S08_10DBS,A23,A23,98.32682654768544,O,O
C031_A22_SY23_P03_S14_04DBS,A22,A22,58.81204684885667,O,O
C031_A22_SY23_P06_S06_04DAS,A22,A23,81.79029559397658,X,O
C031_A22_SY23_P05_S07_03DBS,A22,A22,100.0,O,O
C031_A22_SY23_P03_S13_05DAS,A22,A23,84.63469046291132,X,O
C031_A23_SY23_P03_S17_06DAS,A23,A23,94.22755158951476,O,O
C031_A23_SY23_P06_S06_07DBS,A23,A23,95.53820412716118,O,O
C031_A23_SY23_P04_S02_06DBS,A23,A23,97.60178471834914,O,O
C031_A22_SY23_P03_S14_05DBS,A22,A22,92.63803680981594,O,O
C031_A23_SY23_P05_S08_10DAS,A23,A23,99.16341327384272,O,O
C031_A22_SY23_P03_S14_06DBS,A22,A22,57.78025655326269,O,O
C031_A22_SY23_P04_S01_06DBS,A22,A22,99.30284439486894,O,O
C031_A23_SY23_P04_S01_07DBS,A23,A23,100.0,O,O
C031_A23_SY23_P06_S06_09DAS,A23,A23,83.5750139431121,O,O
C031_A22_SY23_P05_S08_01DAS,A22,A22,64.36140546569995,O,O
C031_A22_SY23_P03_S06_06DAS,A22,A22,89.05859483476813,O,O
C031_A23_SY23_P03_S18_06DBS,A23,A23,95.56609035136644,O,O
C031_A22_SY23_P06_S06_05DAS,A22,A22,82.7127659574468,O,O
C031_A23_SY23_P03_S18_06DAS,A23,A23,97.40658114891244,O,O
C031_A23_SY23_P03_S09_07DAS,A23,A23,69.8858892290565,O,O
C031_A22_SY23_P02_S06_09NBS,A22,A22,100.0,O,O
C031_A23_SY23_P04_S02_06DAS,A23,A23,93.27941996653654,O,O
C031_A23_SY23_P03_S17_06DBS,A23,A23,91.80145008365868,O,O
C031_A23_SY23_P05_S08_08DAS,A23,A23,67.31734523145566,O,O
C031_A23_SY23_P05_S03_08DBS,A23,A22,58.78416062465143,X,O
C031_A23_SY23_P06_S05_08DAS,A23,A22,55.1031790295594,X,O
C031_A23_SY23_P03_S14_07DAS,A23,A23,83.77021751254881,O,O
C031_A22_SY23_P05_S07_01DBS,A22,A22,98.8845510317903,O,O
C031_A22_SY23_P05_S08_02DBS,A22,A23,71.91857222532069,X,O
C031_A23_SY23_P03_S06_07DBS,A23,A23,98.5281866148292,O,O
C031_A23_SY23_P06_S07_07DAS,A23,A23,97.35080870050196,O,O
C031_A22_SY23_P05_S08_02DAS,A22,A23,70.6079196876743,X,O
C032_A26_SY32_P05_S11_02NBS,A26,A26,61.62855549358617,O,O
C032_A26_SY32_P05_S10_02DAS,A26,A26,100.0,O,O
C032_A25_SY32_P03_S18_01DBS,A25,A26,31.148912437255994,X,O
C032_A26_SY32_P06_S05_01DAS,A26,A25,90.93697713329615,X,O
C032_A25_SY32_P04_S01_02DBS,A25,A26,53.95984383714445,X,O
C032_A24_SY23_P06_S10_03NBS,A24,A25,100.0,X,O
C032_A26_SY32_P01_S04_01DAS,A26,A26,91.71779141104297,O,O
C032_A25_SY23_P10_S04_01DBS,A25,A26,80.59118795315115,X,O
C032_A26_SY32_P03_S12_03DBS,A26,A26,97.7691020635806,O,O
C032_A26_SY32_P05_S09_03DBS,A26,A26,91.38315672058005,O,O
C032_A24_SY23_P06_S12_02DAS,A24,A24,82.09910913140311,O,O
C032_A26_SY32_P06_S02_01DBS,A26,A25,90.00278473962683,X,O
C032_A26_SY32_P01_S02_01DAS,A26,A26,99.55444165970482,O,O
C032_A24_SY23_P06_S10_02NAS,A24,A25,52.45398773006135,X,O
C032_A25_SY32_P05_S02_01DBS,A25,A25,66.5182298914556,O,O
C032_A25_SY32_P03_S05_01DBS,A25,A25,46.292696473201886,O,O
C032_A26_SY32_P05_S09_03DAS,A26,A24,78.75069715560514,X,O
C032_A26_SY32_P06_S03_01DAS,A26,A25,100.0,X,O
C032_A26_SY32_P03_S08_01DBS,A26,A26,46.21380846325168,O,O
C032_A25_SY32_P03_S06_02DAS,A25,A25,86.1427381282977,O,O
C032_A24_SY23_P06_S07_01DBS,A24,A22,56.38594534300056,X,X
C032_A26_SY32_P03_S17_03DAS,A26,A26,92.86112660345788,O,O
C032_A24_SY23_P03_S49_01DBS,A24,A24,98.413140311804,O,O
C032_A25_SY32_P03_S10_01DBS,A25,A08,52.31069042316258,X,X
C032_A26_SY32_P03_S07_03DAS,A26,A26,61.14667408850543,O,O
C032_A24_SY23_P06_S07_02DAS,A24,A24,71.08198549916341,O,O
C032_A25_SY32_P03_S06_03DBS,A25,A26,49.76395445709525,X,O
C032_A25_SY32_P01_S01_01DBS,A25,A26,100.0,X,O
C032_A24_SY23_P06_S09_02NBS,A24,A24,58.75627440044619,O,O
C032_A24_SY23_P03_S49_03DBS,A24,A24,98.71937639198218,O,O
C032_A25_SY32_P04_S01_01DBS,A25,A26,49.77691020635806,X,O
C032_A24_SY23_P03_S50_01DBS,A24,A24,70.54565701559021,O,O
C032_A25_SY23_P08_S07_02DBS,A25,A25,52.370329057445616,O,O
C032_A26_SY32_P03_S03_02DBS,A26,A26,64.16620189626325,O,O
C032_A26_SY32_P03_S04_02DBS,A26,A26,90.85331846068044,O,O
C032_A24_SY23_P06_S05_02DAS,A24,A24,96.76519799219186,O,O
C032_A24_SY23_P06_S12_02DBS,A24,A24,75.47956630525438,O,O
C032_A24_SY23_P06_S07_03DBS,A24,A24,53.34634690462912,O,O
C032_A25_SY32_P01_S02_01DAS,A25,A26,67.50208855472013,X,O
C032_A25_SY32_P01_S05_01DAS,A25,A26,92.38706079196876,X,O
C032_A24_SY23_P05_S04_02DAS,A24,A25,87.84160624651423,X,O
C032_A25_SY32_P03_S04_02DAS,A25,A26,97.23926380368098,X,O
C032_A26_SY32_P06_S01_01DAS,A26,A25,59.342801448064606,X,O
C032_A26_SY32_P03_S08_03DBS,A26,A26,76.586859688196,O,O
C032_A25_SY32_P04_S01_03DAS,A25,A26,53.34634690462912,X,O
C032_A26_SY32_P03_S18_01DAS,A26,A26,99.0239821528165,O,O
C032_A25_SY32_P03_S18_01DAS,A25,A26,60.26213050752928,X,O
C032_A26_SY32_P03_S11_03DAS,A26,A26,98.94032348020076,O,O
C032_A24_SY23_P05_S03_02DAS,A24,A24,84.3558282208589,O,O
C032_A26_SY32_P05_S09_01DAS,A26,A26,82.73842721695482,O,O
C032_A24_SY23_P05_S04_01DBS,A24,A25,87.84160624651423,X,O
C032_A25_SY23_P08_S08_01DBS,A25,A24,65.86726157278304,X,O
C032_A26_SY32_P05_S01_01DAS,A26,A26,67.01002227171492,O,O
C032_A26_SY32_P03_S17_02DBS,A26,A26,65.00278862242052,O,O
C032_A24_SY23_P05_S02_01DAS,A24,A26,80.06681514476614,X,O
C032_A26_SY32_P06_S05_03DBS,A26,A25,92.83324037925264,X,O
C032_A25_SY32_P03_S04_02DBS,A25,A26,100.0,X,O
C032_A25_SY23_P10_S04_03DBS,A25,A26,82.32013385387619,X,O
C032_A25_SY32_P01_S02_01DBS,A25,A26,96.10136452241716,X,O
C032_A24_SY23_P06_S05_01DAS,A24,A24,47.23926380368098,O,O
C032_A24_SY23_P05_S10_03DAS,A24,A25,35.22030117122142,X,O
C032_A26_SY32_P03_S01_02DAS,A26,A23,43.19510158641803,X,X
C032_A24_SY23_P06_S08_01DBS,A24,A25,49.58170663692136,X,O
C032_A26_SY32_P03_S12_03DAS,A26,A26,99.2749581706637,O,O
C032_A25_SY32_P01_S04_01DAS,A25,A26,70.10596765197991,X,O
C032_A25_SY32_P05_S01_01DAS,A25,A26,99.33184855233851,X,O
C032_A25_SY32_P03_S18_03DBS,A25,A24,57.64082543223648,X,O
C032_A24_SY23_P06_S08_01DAS,A24,A24,87.47908533184606,O,O
C032_A26_SY32_P05_S10_03DAS,A26,A26,100.0,O,O
C032_A24_SY23_P06_S11_03DBS,A24,A24,86.07172643869892,O,O
C032_A24_SY23_P06_S12_01DAS,A24,A24,61.525612472160354,O,O
C032_A25_SY32_P03_S09_01DBS,A25,A24,72.85634743875279,X,O
C032_A26_SY32_P03_S08_02DAS,A26,A26,66.23991093793488,O,O
C032_A26_SY32_P01_S02_01DBS,A26,A26,99.22027290448344,O,O
C032_A25_SY32_P03_S10_01DAS,A25,A06,53.103256331756185,X,X
C032_A24_SY23_P05_S10_02DAS,A24,A25,30.31232571109872,X,O
C032_A24_SY23_P06_S01_01DAS,A24,A24,46.365914786967416,O,O
C032_A25_SY32_P04_S01_02DAS,A25,A26,52.31455660903514,X,O
C032_A25_SY32_P03_S09_02DBS,A25,A24,62.77839643652561,X,O
C032_A25_SY32_P03_S09_01DAS,A25,A24,83.35652657946007,X,O
C032_A26_SY32_P06_S01_01DBS,A26,A25,51.8796992481203,X,O
C032_A24_SY23_P06_S11_02DAS,A24,A24,61.191536748329625,O,O
C032_A25_SY23_P08_S08_03DBS,A25,A24,52.00780814277747,X,O
C032_A24_SY23_P06_S09_01NBS,A24,A24,71.91857222532069,O,O
C032_A26_SY32_P05_S11_01DBS,A26,A26,84.82989403234802,O,O
C032_A26_SY32_P06_S05_02DAS,A26,A25,66.4249860568879,X,O
C032_A25_SY23_P08_S06_03DBS,A25,A25,99.16457811194654,O,O
C032_A25_SY32_P03_S05_02DBS,A25,A25,74.17384059983338,O,O
C032_A26_SY32_P05_S10_03DBS,A26,A26,100.0,O,O
C032_A26_SY32_P03_S03_02DAS,A26,A26,100.0,O,O
C032_A25_SY32_P03_S17_02DBS,A25,A26,44.617958728388174,X,O
C032_A26_SY32_P05_S09_02DBS,A26,A26,99.49804796430564,O,O
C032_A26_SY32_P03_S12_01DAS,A26,A26,61.46123814835471,O,O
C032_A25_SY32_P03_S06_01DBS,A25,A25,79.58900305470704,O,O
C032_A25_SY23_P08_S06_03DAS,A25,A25,96.49122807017544,O,O
C032_A25_SY23_P08_S08_02DAS,A25,A25,70.91466815393196,O,O
C032_A26_SY32_P03_S07_02DAS,A26,A26,77.5396604508767,O,O
C032_A24_SY23_P06_S12_01DBS,A24,A24,52.12677231025855,O,O
C032_A24_SY23_P06_S07_01DAS,A24,A24,93.50250976017848,O,O
C032_A26_SY32_P03_S18_01DBS,A26,A26,66.6201896263246,O,O
C032_A25_SY32_P03_S10_02DAS,A25,A24,99.63818536042304,X,O
C032_A26_SY32_P05_S11_02NAS,A26,A26,88.65030674846625,O,O
C032_A24_SY23_P03_S18_03DBS,A24,A24,95.14779698828778,O,O
C032_A26_SY32_P03_S11_02DAS,A26,A26,98.60568878973788,O,O
C032_A25_SY32_P03_S09_03DAS,A25,A24,99.97216810464792,X,O
C032_A24_SY23_P04_S01_01DAS,A24,A24,75.2649191299498,O,O
C032_A26_SY32_P03_S07_03DBS,A26,A26,84.9109131403118,O,O
C032_A24_SY23_P05_S09_03DBS,A24,A24,33.825989960959284,O,O
C032_A26_SY32_P03_S04_01DAS,A26,A26,100.0,O,O
C032_A24_SY23_P06_S08_02DBS,A24,A24,34.94143892916899,O,O
C032_A24_SY23_P06_S04_01DAS,A24,A25,57.44503200667965,X,O
C032_A26_SY32_P03_S08_03DAS,A26,A24,70.74867798497078,X,O
C032_A24_SY23_P06_S07_03DAS,A24,A24,54.85220301171222,O,O
C032_A24_SY23_P06_S11_02DBS,A24,A24,60.43925493466777,O,O
C032_A25_SY32_P03_S17_03DAS,A25,A26,70.69157836029002,X,O
C032_A26_SY32_P06_S05_03DAS,A26,A25,77.71890686001115,X,O
C032_A24_SY23_P06_S06_02DBS,A24,A25,92.2755158951478,X,O
C032_A24_SY23_P06_S05_02DBS,A24,A24,92.74958170663692,O,O
C032_A24_SY23_P06_S08_03DBS,A24,A25,74.90239821528165,X,O
C032_A26_SY32_P01_S05_01DAS,A26,A25,62.10262130507529,X,O
C032_A25_SY32_P01_S04_01DBS,A25,A25,59.704406023424426,O,O
C032_A25_SY23_P08_S07_01DBS,A25,A25,71.55605131065253,O,O
C032_A26_SY32_P03_S03_01DBS,A26,A24,97.7691020635806,X,O
C032_A24_SY23_P05_S10_01DBS,A24,A25,70.38482989403235,X,O
C032_A26_SY32_P05_S09_01DBS,A26,A26,90.3792526491913,O,O
C032_A25_SY23_P10_S55_03DAS,A25,A26,100.0,X,O
C032_A26_SY32_P05_S10_01DBS,A26,A26,97.65755716675962,O,O
C032_A26_SY32_P05_S10_02DBS,A26,A26,99.8605688789738,O,O
C032_A24_SY23_P04_S01_03DAS,A24,A23,48.1037367540435,X,X
C032_A26_SY32_P05_S11_01NAS,A26,A26,95.78918014500836,O,O
C032_A26_SY32_P05_S02_01DAS,A26,A26,99.8608017817372,O,O
C032_A26_SY32_P03_S07_02DBS,A26,A26,84.18708240534521,O,O
C032_A24_SY23_P06_S06_03DAS,A24,A25,81.14891243725599,X,O
C032_A25_SY23_P08_S08_02DBS,A25,A24,52.788622420524256,X,O
C032_A25_SY32_P04_S01_01DAS,A25,A25,47.79698828778584,O,O
C032_A24_SY23_P06_S01_01DBS,A24,A22,76.30186577554998,X,X
C032_A25_SY23_P08_S07_03DAS,A25,A25,85.05298382598995,O,O
C032_A24_SY23_P06_S05_03DAS,A24,A24,79.89403234802009,O,O
C032_A24_SY23_P06_S09_02NAS,A24,A24,79.16899051868377,O,O
C032_A24_SY23_P05_S01_01DAS,A24,A23,52.28285077951003,X,X
C032_A26_SY32_P06_S05_01DBS,A26,A25,97.46235359732292,X,O
C032_A25_SY32_P04_S01_03DBS,A25,A26,50.08365867261573,X,O
C032_A25_SY23_P10_S05_01DBS,A25,A26,100.0,X,O
C032_A24_SY23_P05_S04_02DBS,A24,A25,71.30507529280536,X,O
C032_A26_SY32_P03_S11_03DBS,A26,A26,98.54991634132736,O,O
C032_A24_SY23_P06_S11_01DAS,A24,A24,83.2683741648107,O,O
C032_A24_SY23_P05_S03_03DBS,A24,A24,62.54880089235918,O,O
C032_A24_SY23_P03_S50_03DBS,A24,A24,79.34298440979956,O,O
C032_A25_SY32_P03_S09_03DBS,A25,A24,84.93875278396436,X,O
C032_A25_SY32_P03_S03_01DAS,A25,A25,44.33909648633575,O,O
C032_A26_SY32_P03_S08_02DBS,A26,A26,95.87973273942092,O,O
C032_A25_SY32_P03_S06_03DAS,A25,A25,85.39294640377673,O,O
C032_A26_SY32_P03_S18_02DBS,A26,A23,46.458449525934185,X,X
C032_A26_SY32_P03_S01_01DAS,A26,A23,52.51878652936265,X,X
C032_A25_SY32_P03_S05_02DAS,A25,A25,80.36656484309914,O,O
C032_A26_SY32_P06_S02_01DAS,A26,A25,97.2152603731551,X,O
C032_A24_SY23_P04_S01_02DAS,A24,A24,25.376464026770773,O,O
C032_A26_SY32_P01_S04_01DBS,A26,A25,65.72783045175683,X,O
C032_A26_SY32_P03_S11_02DBS,A26,A26,100.0,O,O
C032_A26_SY32_P06_S05_02DBS,A26,A25,82.93363078639152,X,O
C032_A25_SY32_P03_S10_03DBS,A25,A24,52.42204899777283,X,O
C032_A26_SY32_P05_S10_01DAS,A26,A26,100.0,O,O
C032_A25_SY23_P10_S05_03DBS,A25,A26,100.0,X,O
C032_A26_SY32_P03_S04_02DAS,A26,A26,98.54991634132736,O,O
C032_A25_SY23_P08_S08_03DAS,A25,A25,52.90016731734524,O,O
C032_A26_SY32_P03_S11_01DAS,A26,A26,98.71723368655884,O,O
C032_A26_SY32_P03_S18_02DAS,A26,A26,59.00725041829337,O,O
C032_A24_SY23_P04_S01_02DBS,A24,A23,62.130507529280536,X,X
C032_A24_SY23_P06_S10_01NBS,A24,A24,81.42777467930841,O,O
C032_A25_SY32_P03_S04_01DAS,A25,A26,97.96430563301728,X,O
C032_A24_SY23_P03_S49_02DBS,A24,A24,91.98218262806236,O,O
C032_A26_SY32_P03_S12_02DAS,A26,A26,100.0,O,O
C032_A25_SY32_P03_S17_02DAS,A25,A25,50.13943112102621,O,O
C032_A26_SY32_P03_S12_02DBS,A26,A26,96.31901840490798,O,O
C032_A25_SY32_P03_S18_03DAS,A25,A25,44.56218627997769,O,O
C032_A25_SY23_P10_S54_03DAS,A25,A26,100.0,X,O
C032_A24_SY23_P06_S06_02DAS,A24,A25,72.22532069157836,X,O
C032_A24_SY23_P04_S01_03DBS,A24,A23,69.46458449525934,X,X
C032_A26_SY32_P06_S06_01DAS,A26,A25,79.67094255437813,X,O
C032_A25_SY32_P03_S03_02DAS,A25,A26,70.32905744562187,X,O
C032_A24_SY23_P06_S06_03DBS,A24,A25,97.5181260457334,X,O
C032_A25_SY32_P01_S01_01DAS,A25,A26,87.10665552770816,X,O
C032_A24_SY23_P06_S02_01DBS,A24,A25,95.51656920077971,X,O
C032_A26_SY32_P03_S17_02DAS,A26,A26,81.81818181818183,O,O
C032_A25_SY32_P03_S05_03DBS,A25,A25,83.69897250763677,O,O
C032_A24_SY23_P04_S01_01DBS,A24,A23,48.71723368655884,X,X
C032_A26_SY32_P03_S18_03DBS,A26,A23,47.9085331846068,X,X
C032_A26_SY32_P03_S18_03DAS,A26,A24,49.24707194645845,X,O
C032_A25_SY32_P01_S05_01DBS,A25,A25,59.36977133296152,O,O
C032_A24_SY23_P03_S50_02DBS,A24,A24,70.4064587973274,O,O
C032_A24_SY23_P06_S10_02NBS,A24,A25,52.84439486893474,X,O
C032_A25_SY32_P03_S05_03DAS,A25,A25,83.33796167731185,O,O
C032_A24_SY23_P06_S08_03DAS,A24,A24,64.2777467930842,O,O
C032_A24_SY23_P05_S01_01DBS,A24,A25,49.8469245755636,X,O
C032_A24_SY23_P05_S04_03DBS,A24,A25,96.7373117679866,X,O
C032_A25_SY32_P03_S04_01DBS,A25,A26,95.0920245398773,X,O
C032_A24_SY23_P05_S03_02DBS,A24,A24,62.186279977691015,O,O
C032_A25_SY32_P03_S17_01DAS,A25,A25,37.61851645287228,O,O
C032_A26_SY32_P03_S17_01DBS,A26,A23,50.30674846625767,X,X
C032_A24_SY23_P06_S06_01DAS,A24,A22,44.143892916899055,X,X
C032_A26_SY32_P01_S05_01DBS,A26,A26,63.27384272169548,O,O
C032_A24_SY23_P06_S08_02DAS,A24,A24,64.64026770775237,O,O
C032_A24_SY23_P06_S02_01DAS,A24,A25,99.24812030075188,X,O
C032_A26_SY32_P06_S04_01DAS,A26,A25,43.19510158641803,X,O
C032_A25_SY32_P03_S06_02DBS,A25,A25,76.3121355179117,O,O
C032_A25_SY32_P03_S18_02DBS,A25,A23,50.9760178471835,X,X
C032_A25_SY23_P10_S55_02DAS,A25,A26,100.0,X,O
C032_A26_SY32_P03_S08_01DAS,A26,A26,70.05288060116894,O,O
C032_A25_SY32_P03_S05_01DAS,A25,A24,45.40405442932519,X,O
C032_A24_SY23_P05_S04_01DAS,A24,A25,81.53931957612939,X,O
C032_A26_SY32_P05_S11_03NBS,A26,A26,90.7696597880647,O,O
C032_A26_SY32_P03_S04_01DBS,A26,A26,98.60568878973788,O,O
C032_A24_SY23_P06_S09_01NAS,A24,A24,77.21695482431679,O,O
C032_A25_SY32_P03_S17_03DBS,A25,A26,56.69269380925822,X,O
C032_A26_SY32_P03_S16_01DBS,A26,A25,83.10094813162297,X,O
C032_A26_SY32_P03_S03_01DAS,A26,A26,67.51254880089236,O,O
C032_A24_SY23_P06_S11_03DAS,A24,A24,83.82516703786192,O,O
C032_A25_SY32_P03_S03_01DBS,A25,A24,99.24707194645843,X,O
C032_A26_SY32_P03_S17_03DBS,A26,A26,77.88622420524261,O,O
C032_A26_SY32_P03_S07_01DAS,A26,A26,54.21653214583914,O,O
C032_A24_SY23_P06_S07_02DBS,A24,A24,84.57891801450084,O,O
C032_A24_SY23_P06_S06_01DBS,A24,A22,40.46291132180703,X,X
C032_A25_SY32_P03_S18_02DAS,A25,A24,38.37144450641383,X,O
C032_A25_SY32_P03_S10_03DAS,A25,A24,99.88867241859172,X,O
C041_A30_SY32_P07_S06_03DAS,A30,A30,100.0,O,O
C041_A30_SY32_P07_S08_01NAS,A30,A30,81.23257110987171,O,O
C041_A30_SY32_P07_S06_03DBS,A30,A30,100.0,O,O
C041_A30_SY32_P07_S07_03NAS,A30,A30,74.56776352481874,O,O
C041_A30_SY32_P07_S06_02DAS,A30,A30,100.0,O,O
C041_A30_SY32_P07_S07_03NBS,A30,A30,99.05186837702176,O,O
C041_A30_SY32_P07_S07_01NBS,A30,A30,97.26715002788625,O,O
C041_A30_SY32_P07_S07_01NAS,A30,A30,64.75181260457335,O,O
C041_A30_SY32_P07_S06_02DBS,A30,A30,100.0,O,O
C041_A30_SY32_P07_S07_02NAS,A30,A30,52.90016731734524,O,O
C041_A30_SY32_P07_S07_02NBS,A30,A30,99.52593418851087,O,O
C042_A31_SY30_P09_S06_12DAS,A31,A31,99.62456422633412,O,O
C042_A31_SY32_P09_S04_02DAS,A31,A31,100.0,O,O
C042_A31_SY32_P09_S01_01DAS,A31,A31,100.0,O,O
C042_A31_SY32_P09_S03_02DAS,A31,A31,100.0,O,O
C042_A31_SY32_P09_S03_01DAS,A31,A31,100.0,O,O
C042_A31_SY32_P09_S01_03DAS,A31,A31,99.46971811331288,O,O
C042_A31_SY30_P09_S06_02DAS,A31,A31,99.78546527219092,O,O
C042_A31_SY32_P09_S01_01DBS,A31,A31,100.0,O,O
C042_A31_SY32_P09_S01_03DBS,A31,A31,100.0,O,O
C042_A31_SY30_P09_S06_12DBS,A31,A31,100.0,O,O
C042_A31_SY32_P09_S03_01DBS,A31,A31,100.0,O,O
C042_A31_SY30_P09_S06_01DBS,A31,A31,100.0,O,O
C042_A31_SY32_P09_S03_03DAS,A31,A31,100.0,O,O
